"Township","Range","Section","Section Location","Year","count","TWNRNSEC"
"10N","14W","06","NE",1972,3,"10N14W06"
"10N","14W","06","NW",1972,1,"10N14W06"
"10N","16W","10","N",1978,1,"10N16W10"
"11N","13W","18","SW",1972,1,"11N13W18"
"11N","13W","19","NE",1961,2,"11N13W19"
"11N","13W","19","SE",2008,1,"11N13W19"
"11N","13W","04","NW",1961,1,"11N13W04"
"11N","14W","01","NC",1994,1,"11N14W01"
"11N","14W","10","SE",2007,1,"11N14W10"
"11N","14W","10","SW",2008,1,"11N14W10"
"11N","14W","11","W",1977,2,"11N14W11"
"11N","14W","13","NW",1968,1,"11N14W13"
"11N","14W","13","SE",1968,1,"11N14W13"
"11N","14W","13","SE",2010,3,"11N14W13"
"11N","14W","14","NE",2000,2,"11N14W14"
"11N","14W","15","NW",2000,1,"11N14W15"
"11N","14W","04","SW",1961,1,"11N14W04"
"11N","14W","04","SW",1969,1,"11N14W04"
"11N","15W","25","NE",1972,1,"11N15W25"
"11N","15W","34","SE",2004,1,"11N15W34"
"11N","15W","05","C",1968,1,"11N15W05"
"11N","17W","05","N",1975,3,"11N17W05"
"12N","11W","18","NE",2000,1,"12N11W18"
"12N","11W","18","NE",2008,2,"12N11W18"
"12N","11W","19","NW",2000,2,"12N11W19"
"12N","12W","19","NW",1980,1,"12N12W19"
"12N","12W","20","NW",2000,2,"12N12W20"
"12N","13W","35","NC",1995,1,"12N13W35"
"12N","14W","25","NE",2015,1,"12N14W25"
"12N","14W","26","W",2009,1,"12N14W26"
"12N","14W","26","WC",1968,1,"12N14W26"
"12N","14W","27","SW",1998,1,"12N14W27"
"12N","14W","27","SW",2009,1,"12N14W27"
"12N","14W","27","SW",2010,1,"12N14W27"
"12N","14W","33","SE",1969,2,"12N14W33"
"12N","16W","22","C",1979,500,"12N16W22"
"12N","16W","04","NW",2007,1,"12N16W04"
"12N","16W","05","SW",1961,1,"12N16W05"
"12N","16W","05","SW",1968,2,"12N16W05"
"12N","16W","06","E",1978,17,"12N16W06"
"12N","16W","06","SE",1961,1,"12N16W06"
"12N","16W","06","SE",1972,20,"12N16W06"
"12N","16W","06","SE",1983,1,"12N16W06"
"12N","16W","06","SE",1994,2,"12N16W06"
"12N","16W","06","SE",2009,3,"12N16W06"
"12N","17W","14","SE",1961,4,"12N17W14"
"12N","17W","15","SW",1978,5,"12N17W15"
"12N","17W","28","SE",1975,1,"12N17W28"
"12N","17W","28","SW",1969,5,"12N17W28"
"13N","15W","10","N",1987,1,"13N15W10"
"13N","15W","10","NW",1976,1,"13N15W10"
"13N","15W","10","NW",2005,4,"13N15W10"
"13N","15W","11","NW",1961,30,"13N15W11"
"13N","15W","11","NW",1972,1,"13N15W11"
"13N","15W","11","SE",1961,2,"13N15W11"
"13N","15W","11","SE",1998,4,"13N15W11"
"13N","15W","11","SE",2005,3,"13N15W11"
"13N","15W","11","SE",2009,1,"13N15W11"
"13N","15W","11","SE",2014,15,"13N15W11"
"13N","15W","16","NW",1965,6,"13N15W16"
"13N","15W","02","NW",1961,1,"13N15W02"
"13N","15W","02","NW",2009,1,"13N15W02"
"13N","15W","20","SW",2011,1,"13N15W20"
"13N","15W","21","NE",1961,2,"13N15W21"
"13N","15W","21","NE",2009,1,"13N15W21"
"13N","15W","21","NE",2010,1,"13N15W21"
"13N","15W","21","NW",1979,1,"13N15W21"
"13N","15W","21","NW",2009,1,"13N15W21"
"13N","15W","26","NW",1961,1,"13N15W26"
"13N","15W","26","NW",2014,1,"13N15W26"
"13N","15W","29","SW",1961,8,"13N15W29"
"13N","15W","03","S",1972,1,"13N15W03"
"13N","15W","03","SE",1977,1,"13N15W03"
"13N","15W","03","SE",2005,2,"13N15W03"
"13N","15W","30","SE",1998,1,"13N15W30"
"13N","15W","30","SW",1967,3,"13N15W30"
"13N","15W","32","NW",2009,1,"13N15W32"
"13N","15W","33","SW",2012,5,"13N15W33"
"13N","15W","09","NE",1995,1,"13N15W09"
"13N","15W","09","SW",1967,4,"13N15W09"
"13N","15W","09","SW",1977,1,"13N15W09"
"13N","15W","09","SW",1978,1,"13N15W09"
"13N","15W","09","SW",1989,3,"13N15W09"
"13N","15W","09","SW",1995,1,"13N15W09"
"13N","16W","10","SE",2009,2,"13N16W10"
"13N","16W","11","NW",1984,1,"13N16W11"
"13N","16W","11","WC",1994,1,"13N16W11"
"13N","16W","12","NE",1974,1,"13N16W12"
"13N","16W","14","NW",1967,6,"13N16W14"
"13N","16W","14","NW",1968,1,"13N16W14"
"13N","16W","14","NW",1971,3,"13N16W14"
"13N","16W","14","NW",1972,10,"13N16W14"
"13N","16W","14","NW",1973,1,"13N16W14"
"13N","16W","14","NW",1974,1,"13N16W14"
"13N","16W","14","NW",2009,12,"13N16W14"
"13N","16W","14","NW",2010,1,"13N16W14"
"13N","16W","14","S",1976,3,"13N16W14"
"13N","16W","02","NE",1961,3,"13N16W02"
"13N","16W","25","SW",1967,2,"13N16W25"
"13N","16W","25","SW",1968,1,"13N16W25"
"13N","16W","25","SW",1972,1,"13N16W25"
"13N","16W","25","SW",1976,2,"13N16W25"
"13N","16W","25","SW",1978,1,"13N16W25"
"13N","16W","03","EC",1987,1,"13N16W03"
"13N","16W","03","NW",1961,1,"13N16W03"
"13N","16W","03","SW",1961,1,"13N16W03"
"13N","16W","03","SW",1967,3,"13N16W03"
"13N","16W","03","SW",1968,2,"13N16W03"
"13N","16W","04","NW",1961,2,"13N16W04"
"13N","17W","26","SW",1961,3,"13N17W26"
"13N","18W","35","WC",1969,3,"13N18W35"
"14N","13W","30","S",1976,1,"14N13W30"
"14N","13W","30","SW",1978,2,"14N13W30"
"14N","13W","30","SW",1994,1,"14N13W30"
"14N","13W","33","E",1976,6,"14N13W33"
"14N","15W","13","SE",2009,1,"14N15W13"
"14N","15W","25","SE",1961,10,"14N15W25"
"14N","15W","30","SE",1961,3,"14N15W30"
"14N","15W","35","SE",1990,1,"14N15W35"
"14N","15W","35","SW",1976,2,"14N15W35"
"14N","15W","36","NW",1973,1,"14N15W36"
"14N","15W","36","NW",1974,2,"14N15W36"
"14N","15W","36","NW",2005,1,"14N15W36"
"14N","16W","21","NE",1961,2,"14N16W21"
"15N","13W","16","SW",1982,4,"15N13W16"
"15N","13W","17","C",1986,2,"15N13W17"
"15N","13W","17","NE",1986,1,"15N13W17"
"15N","13W","17","NW",2012,1,"15N13W17"
"15N","13W","20","C",1972,2,"15N13W20"
"15N","13W","20","E",1971,3,"15N13W20"
"15N","13W","08","NW",1967,3,"15N13W08"
"15N","13W","08","SW",1986,1,"15N13W08"
"15N","14W","11","C",1971,30,"15N14W11"
"15N","14W","13","SC",2014,4,"15N14W13"
"15N","14W","02","NW",1987,1,"15N14W02"
"15N","14W","02","SW",1995,1,"15N14W02"
"15N","14W","20","E",1971,2,"15N14W20"
"16N","14W","15","S",1976,1,"16N14W15"
"16N","14W","15","SC",2009,2,"16N14W15"
"16N","14W","15","SW",1971,1,"16N14W15"
"16N","14W","16","S",1969,1,"16N14W16"
"16N","14W","16","S",1970,20,"16N14W16"
"16N","14W","16","S",1971,1,"16N14W16"
"16N","14W","16","S",1976,1,"16N14W16"
"16N","14W","16","S",1978,1,"16N14W16"
"16N","14W","16","SE",1961,1,"16N14W16"
"16N","14W","16","SE",1976,2,"16N14W16"
"16N","14W","16","SE",2005,1,"16N14W16"
"16N","14W","16","SE",2011,1,"16N14W16"
"16N","14W","16","SW",2009,6,"16N14W16"
"16N","14W","16","SW",2012,1,"16N14W16"
"16N","14W","17","C",1971,20,"16N14W17"
"16N","14W","17","C",1979,6,"16N14W17"
"16N","14W","17","NW",1968,1,"16N14W17"
"16N","14W","17","NW",1986,6,"16N14W17"
"16N","14W","17","SE",1968,5,"16N14W17"
"16N","14W","17","SE",1985,1,"16N14W17"
"16N","14W","17","SE",2011,1,"16N14W17"
"16N","14W","18","NE",2008,1,"16N14W18"
"16N","14W","19","SE",2011,2,"16N14W19"
"16N","14W","20","W",1971,1,"16N14W20"
"16N","14W","21","SW",2009,3,"16N14W21"
"16N","14W","21","SW",2011,1,"16N14W21"
"16N","14W","26","SW",2008,3,"16N14W26"
"16N","14W","26","SW",2009,2,"16N14W26"
"16N","14W","26","SW",2013,1,"16N14W26"
"16N","14W","26","SW",2014,3,"16N14W26"
"16N","14W","26","SW",2015,1,"16N14W26"
"16N","14W","27","C",2009,12,"16N14W27"
"16N","14W","27","SE",2009,12,"16N14W27"
"16N","14W","28","WC",2012,2,"16N14W28"
"16N","14W","29","SE",2017,1,"16N14W29"
"16N","14W","35","NW",1967,4,"16N14W35"
"16N","14W","35","NW",1968,1,"16N14W35"
"16N","14W","35","NW",1969,1,"16N14W35"
"16N","14W","35","NW",1970,1,"16N14W35"
"16N","14W","35","NW",1973,2,"16N14W35"
"16N","14W","07","NW",1967,20,"16N14W07"
"16N","14W","07","W",1976,12,"16N14W07"
"16N","14W","07","W",1978,6,"16N14W07"
"16N","15W","03","NC",1986,3,"16N15W03"
"16N","15W","03","NE",2016,2,"16N15W03"
"16N","15W","04","SW",2014,1,"16N15W04"
"16N","15W","04","W",1971,1,"16N15W04"
"16N","17W","18","C",1968,2,"16N17W18"
"17N","10W","24","EC",1974,3,"17N10W24"
"17N","13W","16","SW",2004,2,"17N13W16"
"17N","14W","13","NE",2006,2,"17N14W13"
"17N","14W","34","SE",1972,1,"17N14W34"
"17N","15W","10","SW",1985,1,"17N15W10"
"17N","15W","10","SW",2005,1,"17N15W10"
"17N","15W","10","SW",2009,1,"17N15W10"
"17N","15W","12","SE",1986,1,"17N15W12"
"17N","15W","14","NC",1998,1,"17N15W14"
"17N","15W","14","NW",1978,1,"17N15W14"
"17N","15W","14","SW",2004,1,"17N15W14"
"17N","15W","14","SW",2008,1,"17N15W14"
"17N","15W","15","NE",1977,1,"17N15W15"
"17N","15W","15","NE",1978,1,"17N15W15"
"17N","15W","15","NE",2004,2,"17N15W15"
"17N","15W","15","NE",2005,1,"17N15W15"
"17N","15W","23","SW",2004,10,"17N15W23"
"17N","15W","23","SW",2015,3,"17N15W23"
"17N","15W","26","NW",1967,2,"17N15W26"
"17N","15W","26","NW",1969,10,"17N15W26"
"17N","15W","26","NW",1978,1,"17N15W26"
"17N","15W","26","W",1977,1,"17N15W26"
"17N","15W","27","NE",1992,1,"17N15W27"
"17N","15W","34","SC",2006,1,"17N15W34"
"17N","15W","34","SC",2011,1,"17N15W34"
"17N","15W","34","SE",1998,2,"17N15W34"
"17N","15W","34","SE",2002,1,"17N15W34"
"17N","15W","34","SE",2005,1,"17N15W34"
"17N","15W","07","NW",1969,15,"17N15W07"
"17N","15W","07","NW",1970,3,"17N15W07"
"17N","15W","07","NW",1974,3,"17N15W07"
"17N","15W","07","NW",1976,2,"17N15W07"
"17N","15W","07","NW",1978,1,"17N15W07"
"17N","15W","07","NW",1979,6,"17N15W07"
"17N","15W","07","NW",2004,2,"17N15W07"
"17N","15W","09","SW",1967,1,"17N15W09"
"17N","15W","09","SW",1969,20,"17N15W09"
"17N","15W","09","SW",1976,10,"17N15W09"
"17N","15W","09","SW",2015,1,"17N15W09"
"17N","16W","06","SE",1961,1,"17N16W06"
"17N","16W","08","N",1975,2,"17N16W08"
"17N","17W","01","SW",1975,3,"17N17W01"
"17N","17W","01","SW",2012,1,"17N17W01"
"17N","17W","15","SW",2017,1,"17N17W15"
"18N","13E","07","NE",1977,1,"18N13E07"
"18N","15W","21","SW",2006,1,"18N15W21"
"18N","15W","22","E",1977,3,"18N15W22"
"18N","15W","22","SE",2006,3,"18N15W22"
"18N","15W","24","SE",2005,2,"18N15W24"
"18N","16W","15","C",1975,1,"18N16W15"
"18N","16W","19","NW",1967,1,"18N16W19"
"18N","16W","19","NW",1969,8,"18N16W19"
"18N","16W","19","NW",1974,2,"18N16W19"
"18N","16W","19","NW",1975,2,"18N16W19"
"18N","16W","19","NW",1976,1,"18N16W19"
"18N","16W","19","NW",1978,1,"18N16W19"
"18N","16W","19","NW",1989,1,"18N16W19"
"18N","16W","19","NW",1994,1,"18N16W19"
"18N","16W","19","NW",2009,1,"18N16W19"
"18N","16W","20","C",1979,50,"18N16W20"
"18N","16W","20","SE",2009,1,"18N16W20"
"18N","16W","21","E",1979,25,"18N16W21"
"18N","16W","21","W",1976,1,"18N16W21"
"18N","16W","22","SW",1968,6,"18N16W22"
"18N","16W","22","SW",1969,6,"18N16W22"
"18N","16W","22","SW",1971,1,"18N16W22"
"18N","16W","22","SW",1987,1,"18N16W22"
"18N","16W","23","E",1976,1,"18N16W23"
"18N","16W","23","SE",1974,1,"18N16W23"
"18N","16W","23","SE",1975,1,"18N16W23"
"18N","16W","23","W",1979,200,"18N16W23"
"18N","16W","24","SW",1967,1,"18N16W24"
"18N","16W","24","SW",1971,1,"18N16W24"
"18N","16W","25","SW",2009,1,"18N16W25"
"18N","16W","25","SW",2013,1,"18N16W25"
"18N","16W","25","SW",2014,3,"18N16W25"
"18N","17W","19","SW",2009,1,"18N17W19"
"18N","17W","23","NE",1968,3,"18N17W23"
"18N","17W","23","SE",1975,1,"18N17W23"
"18N","17W","24","E",1976,50,"18N17W24"
"18N","17W","25","NW",2005,1,"18N17W25"
"18N","17W","31","NW",1960,50,"18N17W31"
"18N","17W","32","NE",1968,4,"18N17W32"
"18N","17W","32","NE",1976,30,"18N17W32"
"18N","17W","32","SW",1989,2,"18N17W32"
"18N","17W","33","NW",1967,7,"18N17W33"
"18N","17W","35","NW",1982,15,"18N17W35"
"18N","17W","35","SC",2009,1,"18N17W35"
"18N","17W","35","SW",1961,4,"18N17W35"
"18N","17W","35","SW",1975,2,"18N17W35"
"18N","18W","25","NW",1968,9,"18N18W25"
"18N","18W","25","SE",1976,8,"18N18W25"
"18N","18W","29","NW",1968,3,"18N18W29"
"18N","18W","31","NW",1975,10,"18N18W31"
"18N","18W","36","NE",1968,2,"18N18W36"
"19N","17W","28","NW",2006,1,"19N17W28"
"19N","18W","20","NW",1969,1,"19N18W20"
"20N","17W","13","SE",1971,8,"20N17W13"
"20N","17W","05","SE",2006,1,"20N17W05"
"20N","18W","13","SW",1968,3,"20N18W13"
"20N","18W","13","SW",1971,15,"20N18W13"
"20N","24E","09","NE",1975,6,"20N24E09"
"20N","6W ","22","SE",1974,17,"20N6W 22"
"21N","12E","24","WC",1986,1,"21N12E24"
"21N","14W","14","SW",1972,1,"21N14W14"
"21N","17W","01","SE",1970,2,"21N17W01"
"21N","23E","23","SE",1976,20,"21N23E23"
"21N","4W ","18","NW",1974,1,"21N4W 18"
"21N","6E ","26","NE",1968,1,"21N6E 26"
"21N","6W ","22","SW",1974,10,"21N6W 22"
"22N","13E","01","NE",1979,3,"22N13E01"
"22N","13E","04","SW",1979,1,"22N13E04"
"22N","13W","25","SW",2016,1,"22N13W25"
"22N","13W","31","SW",2009,15,"22N13W31"
"22N","14E","08","SE",1979,1,"22N14E08"
"22N","14W","18","N",1973,2,"22N14W18"
"22N","14W","18","N",1974,1,"22N14W18"
"22N","14W","18","NE",1986,1,"22N14W18"
"22N","14W","19","E",1976,2,"22N14W19"
"22N","14W","28","SW",1977,1,"22N14W28"
"22N","14W","31","NW",1961,1,"22N14W31"
"22N","14W","33","NW",2016,1,"22N14W33"
"22N","14W","05","NW",1967,1,"22N14W05"
"22N","14W","07","SE",2002,1,"22N14W07"
"22N","14W","08","SW",1976,4,"22N14W08"
"22N","14W","08","SW",1981,1,"22N14W08"
"22N","14W","08","SW",2009,7,"22N14W08"
"22N","15W","16","SW",2008,1,"22N15W16"
"22N","15W","16","SW",2009,5,"22N15W16"
"22N","15W","20","C",1971,1,"22N15W20"
"22N","15W","20","NW",1961,2,"22N15W20"
"22N","15W","20","NW",1986,3,"22N15W20"
"22N","15W","20","NW",2009,1,"22N15W20"
"22N","15W","21","SW",2004,3,"22N15W21"
"22N","15W","22","NW",2016,1,"22N15W22"
"22N","15W","23","C",1976,4,"22N15W23"
"22N","16W","25","NE",1981,10,"22N16W25"
"22N","16W","35","SE",1981,26,"22N16W35"
"22N","19E","25","SW",1977,1,"22N19E25"
"22N","6E ","08","E",1975,2,"22N6E 08"
"22N","8E ","30","NW",2017,1,"22N8E 30"
"23N","12W","21","SC",1974,3,"23N12W21"
"23N","14W","19","SE",1981,2,"23N14W19"
"23N","14W","31","SE",1969,1,"23N14W31"
"23N","14W","06","N",1976,1,"23N14W06"
"23N","9E ","11","NW",2015,1,"23N9E 11"
"24N","10W","11","SW",1974,2,"24N10W11"
"24N","11W","24","C",1974,2,"24N11W24"
"24N","14W","14","NE",1984,1,"24N14W14"
"24N","14W","22","SW",1986,1,"24N14W22"
"24N","14W","29","W",1979,5,"24N14W29"
"24N","14W","31","C",1961,1,"24N14W31"
"24N","14W","31","C",1976,1,"24N14W31"
"24N","14W","31","E",1977,2,"24N14W31"
"24N","14W","31","SE",1971,1,"24N14W31"
"24N","14W","31","SE",1976,1,"24N14W31"
"24N","14W","32","SW",1981,2,"24N14W32"
"24N","9W ","08","NW",1974,6,"24N9W 08"
"25N","15E","29","SE",1971,1,"25N15E29"
"25N","15W","02","C",1979,1,"25N15W02"
"25N","15W","02","EC",2006,29,"25N15W02"
"25N","15W","02","NC",2004,11,"25N15W02"
"25N","15W","02","NW",2006,2,"25N15W02"
"25N","16E","06","NW",1963,1,"25N16E06"
"26N","14E","09","SE",1982,2,"26N14E09"
"26N","15W","20","SE",1982,1,"26N15W20"
"26N","15W","20","SE",2010,1,"26N15W20"
"26N","15W","20","SE",2014,1,"26N15W20"
"26N","15W","23","SE",2010,1,"26N15W23"
"26N","15W","29","NE",1998,1,"26N15W29"
"26N","15W","29","NE",2010,1,"26N15W29"
"26N","15W","33","NE",2006,4,"26N15W33"
"26N","15W","34","SW",2006,4,"26N15W34"
"26N","16E","32","NE",1963,8,"26N16E32"
"29N","23E","11","SW",1985,1,"29N23E11"
"2S ","15W","36","SW",1997,1,"2S 15W36"
"2S ","17W","08","NE",1975,7,"2S 17W08"
"2S ","17W","08","NW",1976,1,"2S 17W08"
"2S ","17W","08","NW",1977,1,"2S 17W08"
"2S ","18W","36","NW",1971,2,"2S 18W36"
"2S ","18W","36","NW",1978,5,"2S 18W36"
"30N","23E","26","NE",1970,1,"30N23E26"
"30N","23E","07","SE",1970,1,"30N23E07"
"30N","3E ","25","SW",1975,1,"30N3E 25"
"31N","27E","23","SE",1982,1,"31N27E23"
"32N","6W ","35","NW",2002,1,"32N6W 35"
"33N","6E ","32","NE",1975,1,"33N6E 32"
"33N","6W ","32","NC",1991,2,"33N6W 32"
"33N","6W ","06","SE",2000,3,"33N6W 06"
"33N","6W ","06","SE",2002,1,"33N6W 06"
"34N","5W ","06","NE",1987,1,"34N5W 06"
"35N","25W","10","NE",1981,1,"35N25W10"
"35N","25W","10","NE",2005,32,"35N25W10"
"35N","25W","10","SE",1978,1,"35N25W10"
"35N","25W","11","SW",1961,1,"35N25W11"
"35N","25W","11","SW",1962,2,"35N25W11"
"35N","25W","11","SW",1963,11,"35N25W11"
"35N","25W","11","SW",1976,1,"35N25W11"
"35N","25W","11","SW",1978,10,"35N25W11"
"35N","25W","08","NW",1975,2,"35N25W08"
"35N","2E ","09","NW",1974,3,"35N2E 09"
"36N","1E ","34","NW",1974,3,"36N1E 34"
"36N","25W","16","NE",2001,13,"36N25W16"
"36N","25W","28","SE",1982,4,"36N25W28"
"36N","25W","33","NE",1982,1,"36N25W33"
"36N","25W","07","NW",1973,1,"36N25W07"
"36N","3E ","14","SE",2008,1,"36N3E 14"
"36N","3W ","04","SE",1976,1,"36N3W 04"
"36N","4W ","10","SE",1992,1,"36N4W 10"
"36N","4W ","14","SW",2016,1,"36N4W 14"
"37N","24W","10","SW",1977,1,"37N24W10"
"37N","24W","11","SW",1967,1,"37N24W11"
"37N","24W","14","NW",1982,1,"37N24W14"
"37N","24W","26","NW",1983,1,"37N24W26"
"37N","24W","26","NW",2011,1,"37N24W26"
"37N","24W","27","NE",1961,16,"37N24W27"
"37N","24W","27","NE",1962,41,"37N24W27"
"37N","24W","27","NE",1963,1,"37N24W27"
"37N","24W","27","NE",1964,1,"37N24W27"
"37N","24W","27","NE",1965,3,"37N24W27"
"37N","25W","10","NE",1974,1,"37N25W10"
"37N","25W","10","NE",1976,1,"37N25W10"
"37N","25W","10","NE",1978,1,"37N25W10"
"37N","25W","10","NE",1980,2,"37N25W10"
"37N","25W","11","NE",1981,2,"37N25W11"
"37N","25W","11","NE",2016,2,"37N25W11"
"37N","25W","11","NW",1975,50,"37N25W11"
"37N","25W","11","NW",1981,2,"37N25W11"
"37N","25W","11","NW",1982,2,"37N25W11"
"37N","25W","11","NW",1987,1,"37N25W11"
"37N","25W","11","SW",2005,1,"37N25W11"
"37N","25W","22","SE",2000,2,"37N25W22"
"37N","25W","24","NW",1975,20,"37N25W24"
"37N","25W","26","NW",1971,1,"37N25W26"
"37N","25W","26","NW",1975,30,"37N25W26"
"37N","25W","26","NW",1977,1,"37N25W26"
"37N","25W","26","NW",1979,1,"37N25W26"
"37N","25W","26","NW",1981,2,"37N25W26"
"37N","25W","26","NW",1982,2,"37N25W26"
"37N","25W","27","SW",1981,2,"37N25W27"
"37N","25W","03","NC",2005,46,"37N25W03"
"38N","23W","01","SW",1984,1,"38N23W01"
"38N","23W","10","NW",1972,12,"38N23W10"
"38N","23W","10","NW",2008,8,"38N23W10"
"38N","23W","15","NW",1962,3,"38N23W15"
"38N","23W","15","NW",1963,3,"38N23W15"
"38N","23W","15","NW",1974,1,"38N23W15"
"38N","23W","15","NW",1980,4,"38N23W15"
"38N","23W","22","SW",1980,2,"38N23W22"
"38N","23W","05","SE",1977,1,"38N23W05"
"38N","23W","09","NW",1974,1,"38N23W09"
"38N","24W","16","SE",2007,2,"38N24W16"
"38N","24W","29","NE",1977,1,"38N24W29"
"38N","24W","33","NE",1977,1,"38N24W33"
"38N","24W","33","NE",2007,7,"38N24W33"
"38N","24W","34","SW",2007,6,"38N24W34"
"38N","25W","18","SW",1978,2,"38N25W18"
"38N","25W","22","SE",1976,1,"38N25W22"
"38N","25W","22","SE",1993,1,"38N25W22"
"38N","25W","29","SE",1962,2,"38N25W29"
"38N","25W","29","SE",1975,1,"38N25W29"
"38N","25W","31","NW",1975,15,"38N25W31"
"38N","25W","04","NC",2021,1,"38N25W04"
"38N","25W","08","NE",1979,2,"38N25W08"
"38N","25W","08","NE",1980,1,"38N25W08"
"38N","25W","08","SE",1985,1,"38N25W08"
"38N","26W","12","EC",1986,1,"38N26W12"
"38N","26W","12","NE",1973,1,"38N26W12"
"38N","26W","12","NE",1982,14,"38N26W12"
"38N","26W","12","SE",1981,1,"38N26W12"
"38N","26W","12","SW",1981,2,"38N26W12"
"38N","26W","16","NW",1982,3,"38N26W16"
"38N","26W","22","NE",1981,6,"38N26W22"
"38N","26W","22","NW",1975,2,"38N26W22"
"38N","26W","05","NE",1996,2,"38N26W05"
"38N","26W","09","SW",2007,1,"38N26W09"
"38N","2W ","17","NW",1993,1,"38N2W 17"
"39N","17W","08","SW",1964,1,"39N17W08"
"39N","23W","31","NE",1976,1,"39N23W31"
"39N","23W","31","NE",1990,4,"39N23W31"
"39N","23W","31","SW",1977,35,"39N23W31"
"39N","23W","31","SW",1979,24,"39N23W31"
"39N","23W","31","SW",1980,1,"39N23W31"
"39N","24W","16","NW",1979,1,"39N24W16"
"39N","24W","16","NW",1980,1,"39N24W16"
"39N","24W","02","NE",1972,1,"39N24W02"
"39N","24W","02","NE",1979,2,"39N24W02"
"39N","24W","02","SE",1972,1,"39N24W02"
"39N","24W","02","SE",1974,1,"39N24W02"
"39N","24W","20","SW",1973,1,"39N24W20"
"39N","24W","23","SE",1977,2,"39N24W23"
"39N","24W","23","SE",1980,10,"39N24W23"
"39N","24W","24","SE",1963,1,"39N24W24"
"39N","24W","24","SE",1965,1,"39N24W24"
"39N","24W","24","SE",1966,1,"39N24W24"
"39N","24W","29","SW",1962,1,"39N24W29"
"39N","24W","29","SW",1976,2,"39N24W29"
"39N","24W","08","SE",1977,1,"39N24W08"
"39N","25W","10","SE",1979,1,"39N25W10"
"39N","25W","16","NW",1981,1,"39N25W16"
"39N","25W","22","EC",1982,8,"39N25W22"
"39N","26W","16","NW",1973,1,"39N26W16"
"39N","26W","18","C",1981,1,"39N26W18"
"39N","26W","18","NW",1971,1,"39N26W18"
"39N","26W","21","NE",1981,1,"39N26W21"
"39N","26W","24","NE",1962,1,"39N26W24"
"39N","26W","33","NW",1981,3,"39N26W33"
"39N","27W","12","NE",1981,1,"39N27W12"
"39N","27W","12","SE",1979,1,"39N27W12"
"3N ","14W","34","SW",1970,1,"3N 14W34"
"3N ","15W","17","N",1976,1,"3N 15W17"
"3N ","15W","09","WC",1972,3,"3N 15W09"
"3S ","17W","23","C",1993,3,"3S 17W23"
"40N","19W","17","SE",1977,13,"40N19W17"
"40N","19W","17","SE",1981,2,"40N19W17"
"40N","19W","20","NE",1982,1,"40N19W20"
"40N","19W","05","NW",1958,8,"40N19W05"
"40N","19W","06","NW",1957,1,"40N19W06"
"40N","19W","06","NW",1981,2,"40N19W06"
"40N","19W","06","NW",1986,24,"40N19W06"
"40N","19W","06","NW",1989,1,"40N19W06"
"40N","19W","07","SE",1977,5,"40N19W07"
"40N","19W","08","SE",1958,2,"40N19W08"
"40N","20W","04","NW",1963,1,"40N20W04"
"40N","20W","04","NW",1964,13,"40N20W04"
"40N","20W","04","WC",1961,1,"40N20W04"
"40N","20W","04","WC",1981,6,"40N20W04"
"40N","21W","07","NE",1967,1,"40N21W07"
"40N","22W","02","NE",1999,1,"40N22W02"
"40N","24W","17","NW",1979,3,"40N24W17"
"40N","24W","17","NW",1980,40,"40N24W17"
"40N","25W","14","SE",1979,5,"40N25W14"
"40N","25W","14","SE",1980,4,"40N25W14"
"40N","25W","14","SE",1982,1,"40N25W14"
"40N","25W","14","SE",1983,1,"40N25W14"
"40N","25W","17","NW",1976,8,"40N25W17"
"40N","25W","17","NW",1980,21,"40N25W17"
"40N","25W","18","NE",1980,15,"40N25W18"
"40N","25W","18","SW",1971,4,"40N25W18"
"40N","25W","18","SW",1980,1,"40N25W18"
"40N","25W","21","NE",1976,2,"40N25W21"
"40N","26W","11","NE",1980,2,"40N26W11"
"40N","26W","11","SE",1980,2,"40N26W11"
"40N","26W","12","SW",1980,3,"40N26W12"
"40N","26W","21","NC",1962,4,"40N26W21"
"40N","26W","21","NW",2000,3,"40N26W21"
"40N","26W","04","NE",1980,1,"40N26W04"
"40N","26W","04","SE",1980,4,"40N26W04"
"41N","16W","01","NE",1969,1,"41N16W01"
"41N","16W","12","C",1976,1,"41N16W12"
"41N","16W","12","NE",1963,1,"41N16W12"
"41N","16W","12","NE",1974,1,"41N16W12"
"41N","16W","12","NE",1977,3,"41N16W12"
"41N","16W","12","SW",1979,5,"41N16W12"
"41N","16W","12","SW",1981,3,"41N16W12"
"41N","16W","12","SW",1994,1,"41N16W12"
"41N","18W","16","NE",1994,2,"41N18W16"
"41N","18W","21","NW",1957,1,"41N18W21"
"41N","18W","21","WC",1957,1,"41N18W21"
"41N","19W","17","NW",1984,1,"41N19W17"
"41N","19W","17","SE",1976,1,"41N19W17"
"41N","19W","17","SE",1977,2,"41N19W17"
"41N","19W","17","SE",1981,3,"41N19W17"
"41N","19W","17","SE",1982,1,"41N19W17"
"41N","19W","17","SE",1983,7,"41N19W17"
"41N","19W","17","SE",1984,1,"41N19W17"
"41N","19W","17","SE",1986,1,"41N19W17"
"41N","19W","18","NC",1982,1,"41N19W18"
"41N","19W","18","NE",1959,1,"41N19W18"
"41N","19W","20","NE",1961,33,"41N19W20"
"41N","19W","20","NE",1962,33,"41N19W20"
"41N","19W","20","NE",1963,10,"41N19W20"
"41N","19W","20","NE",1964,7,"41N19W20"
"41N","19W","20","NE",2010,1,"41N19W20"
"41N","19W","20","NW",1961,1,"41N19W20"
"41N","19W","20","SE",1979,1,"41N19W20"
"41N","19W","09","NC",1971,2,"41N19W09"
"41N","19W","09","NW",1979,1,"41N19W09"
"41N","20W","15","SE",1980,1,"41N20W15"
"41N","20W","27","NE",1957,2,"41N20W27"
"41N","20W","27","SE",1957,5,"41N20W27"
"41N","20W","34","SE",1957,1,"41N20W34"
"41N","21W","10","NW",1980,1,"41N21W10"
"41N","21W","15","NW",1965,1,"41N21W15"
"41N","21W","15","SE",1966,1,"41N21W15"
"41N","21W","16","NE",1961,9,"41N21W16"
"41N","21W","16","NE",1962,7,"41N21W16"
"41N","21W","16","NE",1965,1,"41N21W16"
"41N","21W","18","NE",1976,1,"41N21W18"
"41N","21W","18","SW",1983,2,"41N21W18"
"41N","21W","02","NW",1958,3,"41N21W02"
"41N","21W","02","NW",2004,1,"41N21W02"
"41N","21W","20","NW",1980,2,"41N21W20"
"41N","21W","20","SW",1957,7,"41N21W20"
"41N","21W","20","SW",1963,2,"41N21W20"
"41N","21W","21","NW",1963,4,"41N21W21"
"41N","21W","21","NW",1964,4,"41N21W21"
"41N","21W","21","NW",1966,3,"41N21W21"
"41N","21W","28","SW",1970,2,"41N21W28"
"41N","21W","29","NE",1979,2,"41N21W29"
"41N","21W","29","SW",1981,1,"41N21W29"
"41N","21W","03","NW",1979,1,"41N21W03"
"41N","21W","03","NW",1980,1,"41N21W03"
"41N","21W","04","NE",1972,2,"41N21W04"
"41N","21W","05","SE",1957,1,"41N21W05"
"41N","24W","19","SC",2014,24,"41N24W19"
"41N","24W","19","SC",2017,1,"41N24W19"
"41N","24W","19","SW",1976,2,"41N24W19"
"41N","24W","20","NW",1971,1,"41N24W20"
"41N","24W","20","NW",1977,46,"41N24W20"
"41N","25W","11","NW",1980,30,"41N25W11"
"41N","25W","02","NE",1976,1,"41N25W02"
"41N","25W","02","NW",1980,30,"41N25W02"
"41N","25W","21","NW",1962,1,"41N25W21"
"41N","25W","22","NW",1972,5,"41N25W22"
"41N","25W","22","NW",1979,1,"41N25W22"
"41N","25W","22","NW",1980,8,"41N25W22"
"41N","25W","04","EC",1983,2,"41N25W04"
"41N","25W","04","NW",1983,1,"41N25W04"
"41N","26W","13","NE",1976,1,"41N26W13"
"42N","14W","05","NE",1978,1,"42N14W05"
"42N","15W","11","SC",1982,1,"42N15W11"
"42N","19W","13","NE",1981,2,"42N19W13"
"42N","19W","21","SW",1958,4,"42N19W21"
"42N","19W","21","SW",1976,1,"42N19W21"
"42N","19W","21","SW",1978,6,"42N19W21"
"42N","19W","21","SW",1983,1,"42N19W21"
"42N","19W","22","SE",1977,1,"42N19W22"
"42N","19W","22","SW",1983,1,"42N19W22"
"42N","19W","23","EC",1977,1,"42N19W23"
"42N","19W","29","NE",1983,1,"42N19W29"
"42N","19W","29","SW",1983,1,"42N19W29"
"42N","19W","33","SE",1957,5,"42N19W33"
"42N","20W","01","NE",1971,1,"42N20W01"
"42N","20W","01","NE",1973,1,"42N20W01"
"42N","20W","01","NE",1974,4,"42N20W01"
"42N","20W","01","NE",1976,4,"42N20W01"
"42N","20W","01","NE",1981,1,"42N20W01"
"42N","20W","01","NE",1982,3,"42N20W01"
"42N","20W","01","NE",1985,2,"42N20W01"
"42N","20W","01","SE",1959,1,"42N20W01"
"42N","20W","01","SE",1977,3,"42N20W01"
"42N","20W","01","SE",1979,1,"42N20W01"
"42N","20W","01","SE",1980,1,"42N20W01"
"42N","20W","11","NE",1961,1,"42N20W11"
"42N","20W","11","NE",1982,1,"42N20W11"
"42N","20W","12","NE",1984,1,"42N20W12"
"42N","20W","12","NW",1982,1,"42N20W12"
"42N","20W","12","NW",1985,2,"42N20W12"
"42N","20W","12","NW",1986,1,"42N20W12"
"42N","20W","13","NC",1957,4,"42N20W13"
"42N","20W","13","SC",1961,1,"42N20W13"
"42N","20W","13","SW",1974,1,"42N20W13"
"42N","20W","14","SE",1977,1,"42N20W14"
"42N","20W","14","SE",1981,2,"42N20W14"
"42N","20W","14","SE",1985,1,"42N20W14"
"42N","20W","19","NE",1970,2,"42N20W19"
"42N","20W","19","NW",1958,2,"42N20W19"
"42N","20W","02","SC",1981,2,"42N20W02"
"42N","20W","02","WC",1974,1,"42N20W02"
"42N","20W","23","NE",1979,7,"42N20W23"
"42N","20W","23","SE",1974,1,"42N20W23"
"42N","21W","01","NW",1961,1,"42N21W01"
"42N","21W","01","NW",1975,1,"42N21W01"
"42N","21W","13","NC",2004,2,"42N21W13"
"42N","21W","13","NW",1978,10,"42N21W13"
"42N","21W","13","NW",1979,1,"42N21W13"
"42N","21W","13","NW",1980,1,"42N21W13"
"42N","21W","13","NW",1982,1,"42N21W13"
"42N","21W","13","NW",1984,1,"42N21W13"
"42N","21W","13","NW",1992,1,"42N21W13"
"42N","21W","17","SE",1972,1,"42N21W17"
"42N","21W","19","NE",1957,4,"42N21W19"
"42N","21W","19","NE",1977,12,"42N21W19"
"42N","21W","19","NE",2023,8,"42N21W19"
"42N","21W","19","SW",1976,3,"42N21W19"
"42N","21W","19","SW",1979,2,"42N21W19"
"42N","21W","22","NW",1973,1,"42N21W22"
"42N","21W","27","SW",1975,1,"42N21W27"
"42N","21W","27","SW",1978,1,"42N21W27"
"42N","21W","29","NE",1957,3,"42N21W29"
"42N","21W","29","NE",1980,1,"42N21W29"
"42N","21W","29","NE",1983,1,"42N21W29"
"42N","21W","34","NW",1968,1,"42N21W34"
"42N","21W","34","NW",1971,1,"42N21W34"
"42N","21W","34","NW",1973,1,"42N21W34"
"42N","22W","12","SE",1957,3,"42N22W12"
"42N","22W","13","SE",1976,6,"42N22W13"
"42N","25W","18","SW",1987,1,"42N25W18"
"42N","25W","30","SE",1976,2,"42N25W30"
"42N","25W","30","SE",1979,1,"42N25W30"
"42N","25W","30","SE",1980,45,"42N25W30"
"42N","25W","30","SE",1983,5,"42N25W30"
"42N","25W","07","SE",1974,1,"42N25W07"
"42N","26W","13","EC",1976,1,"42N26W13"
"42N","26W","13","EC",1977,1,"42N26W13"
"42N","26W","13","SE",1974,1,"42N26W13"
"42N","26W","13","SE",1980,1,"42N26W13"
"42N","26W","13","SE",1993,2,"42N26W13"
"42N","26W","15","SW",1976,2,"42N26W15"
"42N","26W","15","SW",1980,7,"42N26W15"
"42N","26W","15","SW",1982,3,"42N26W15"
"42N","26W","15","SW",1983,2,"42N26W15"
"42N","26W","15","SW",1987,1,"42N26W15"
"42N","26W","15","SW",1990,13,"42N26W15"
"42N","26W","25","SW",1980,51,"42N26W25"
"42N","26W","26","SW",1962,2,"42N26W26"
"42N","26W","30","SE",1974,2,"42N26W30"
"42N","26W","04","SC",1980,100,"42N26W04"
"42N","26W","04","SE",1972,1,"42N26W04"
"42N","26W","04","SW",1974,10,"42N26W04"
"42N","26W","04","SW",1980,180,"42N26W04"
"42N","26W","05","NW",1979,1,"42N26W05"
"42N","26W","05","NW",1980,100,"42N26W05"
"42N","26W","06","NE",1967,1,"42N26W06"
"42N","26W","09","SW",1977,1,"42N26W09"
"42N","2W ","16","SW",1995,1,"42N2W 16"
"43N","14W","01","NE",1974,1,"43N14W01"
"43N","14W","28","SE",1976,2,"43N14W28"
"43N","14W","28","SE",1978,1,"43N14W28"
"43N","14W","33","WC",2009,1,"43N14W33"
"43N","15W","16","NW",1978,6,"43N15W16"
"43N","15W","17","NE",1957,1,"43N15W17"
"43N","15W","17","NE",1974,4,"43N15W17"
"43N","15W","17","NE",1978,33,"43N15W17"
"43N","15W","17","NE",1989,2,"43N15W17"
"43N","15W","17","NE",1994,1,"43N15W17"
"43N","15W","21","NE",1989,1,"43N15W21"
"43N","15W","07","EC",1977,35,"43N15W07"
"43N","15W","08","SW",1986,1,"43N15W08"
"43N","16W","01","SW",1978,1,"43N16W01"
"43N","16W","12","NE",1982,2,"43N16W12"
"43N","16W","02","NW",1957,3,"43N16W02"
"43N","16W","02","NW",1982,1,"43N16W02"
"43N","16W","02","SE",1977,2,"43N16W02"
"43N","19W","31","SW",1981,2,"43N19W31"
"43N","19W","31","SW",1982,3,"43N19W31"
"43N","19W","31","SW",1983,4,"43N19W31"
"43N","19W","31","SW",1985,3,"43N19W31"
"43N","19W","31","SW",1993,2,"43N19W31"
"43N","19W","33","NE",1961,1,"43N19W33"
"43N","19W","33","SE",1957,1,"43N19W33"
"43N","19W","33","SE",1973,1,"43N19W33"
"43N","19W","33","SE",1974,1,"43N19W33"
"43N","19W","33","SE",1982,1,"43N19W33"
"43N","1W ","21","SE",2006,1,"43N1W 21"
"43N","1W ","21","SW",2006,1,"43N1W 21"
"43N","20W","30","SE",1971,1,"43N20W30"
"43N","20W","30","SE",1978,1,"43N20W30"
"43N","20W","30","SE",1983,1,"43N20W30"
"43N","20W","30","SE",1986,6,"43N20W30"
"43N","20W","07","SE",1984,1,"43N20W07"
"43N","21W","10","NW",1994,1,"43N21W10"
"43N","21W","14","SE",1978,2,"43N21W14"
"43N","21W","26","NE",1978,2,"43N21W26"
"43N","21W","26","NE",1980,1,"43N21W26"
"43N","21W","26","NE",1984,4,"43N21W26"
"43N","21W","26","NW",1978,1,"43N21W26"
"43N","21W","26","NW",1980,1,"43N21W26"
"43N","21W","26","SE",1978,4,"43N21W26"
"43N","21W","09","NE",1957,4,"43N21W09"
"43N","22W","17","NW",1976,4,"43N22W17"
"43N","22W","22","SE",1976,1,"43N22W22"
"43N","22W","27","NE",1983,1,"43N22W27"
"43N","22W","36","NE",1962,1,"43N22W36"
"43N","22W","36","SE",1976,3,"43N22W36"
"43N","23W","23","NW",1957,4,"43N23W23"
"43N","23W","23","NW",1976,1,"43N23W23"
"43N","23W","24","NW",1983,1,"43N23W24"
"43N","26W","22","SE",1990,1,"43N26W22"
"43N","27W","14","NE",1977,10,"43N27W14"
"43N","27W","14","NE",1979,1,"43N27W14"
"43N","27W","14","NE",1980,1,"43N27W14"
"43N","27W","24","SE",1993,3,"43N27W24"
"43N","27W","31","NE",1983,10,"43N27W31"
"43N","27W","33","NW",1976,1,"43N27W33"
"43N","27W","34","NE",1979,1,"43N27W34"
"43N","27W","35","C",1979,1,"43N27W35"
"43N","27W","35","C",1980,7,"43N27W35"
"43N","27W","35","NE",1974,2,"43N27W35"
"43N","27W","35","NE",1979,4,"43N27W35"
"43N","27W","35","NW",1972,2,"43N27W35"
"43N","27W","36","C",1980,75,"43N27W36"
"43N","27W","04","SW",1977,15,"43N27W04"
"43N","27W","04","SW",1980,18,"43N27W04"
"43N","27W","05","SE",1983,35,"43N27W05"
"43N","28W","01","NE",1974,7,"43N28W01"
"43N","28W","01","NE",1977,5,"43N28W01"
"43N","28W","18","SW",1980,4,"43N28W18"
"43N","28W","18","SW",1985,1,"43N28W18"
"43N","28W","20","EC",1980,11,"43N28W20"
"43N","28W","20","SE",1980,6,"43N28W20"
"43N","28W","20","SW",1974,2,"43N28W20"
"43N","28W","20","SW",1977,65,"43N28W20"
"43N","28W","20","SW",1980,6,"43N28W20"
"43N","28W","20","SW",1984,1,"43N28W20"
"43N","28W","22","SE",1974,7,"43N28W22"
"43N","28W","22","SE",1980,108,"43N28W22"
"43N","28W","22","SE",1991,2,"43N28W22"
"43N","28W","22","SE",2010,1,"43N28W22"
"43N","28W","23","SW",1982,2,"43N28W23"
"43N","28W","27","NE",1974,40,"43N28W27"
"43N","28W","27","NE",1977,100,"43N28W27"
"43N","28W","27","NE",1983,2,"43N28W27"
"43N","28W","27","NE",1993,1,"43N28W27"
"43N","28W","27","SE",1980,25,"43N28W27"
"43N","28W","35","SE",1983,23,"43N28W35"
"43N","28W","07","SW",1986,1,"43N28W07"
"43N","29W","11","SC",1967,1,"43N29W11"
"43N","29W","13","NW",1980,2,"43N29W13"
"43N","29W","14","NW",1979,1,"43N29W14"
"43N","29W","14","NW",1980,1,"43N29W14"
"43N","29W","15","NE",1981,3,"43N29W15"
"43N","29W","17","NE",1980,2,"43N29W17"
"43N","29W","17","NW",1980,16,"43N29W17"
"43N","29W","18","NE",1962,2,"43N29W18"
"43N","29W","18","NE",1967,19,"43N29W18"
"43N","29W","18","NE",1971,1,"43N29W18"
"43N","29W","18","NE",1972,2,"43N29W18"
"43N","29W","18","NE",1976,1,"43N29W18"
"43N","29W","18","NE",1980,4,"43N29W18"
"43N","29W","18","NE",1982,1,"43N29W18"
"43N","29W","18","NE",1985,2,"43N29W18"
"43N","29W","18","NE",1987,2,"43N29W18"
"43N","29W","18","NE",1992,1,"43N29W18"
"43N","29W","18","NE",2014,1,"43N29W18"
"43N","29W","18","NW",1976,1,"43N29W18"
"43N","29W","18","NW",1980,3,"43N29W18"
"43N","29W","07","NE",1980,1,"43N29W07"
"43N","30W","11","SW",1977,30,"43N30W11"
"43N","30W","14","NW",1974,1,"43N30W14"
"43N","30W","14","NW",1980,1,"43N30W14"
"43N","30W","15","NW",1980,10,"43N30W15"
"43N","30W","16","NW",1976,1,"43N30W16"
"43N","30W","16","NW",1977,2,"43N30W16"
"43N","30W","16","NW",1979,2,"43N30W16"
"43N","30W","16","NW",1981,1,"43N30W16"
"43N","30W","16","NW",1985,1,"43N30W16"
"43N","30W","17","NE",1967,20,"43N30W17"
"43N","30W","17","NE",1973,1,"43N30W17"
"43N","30W","17","NE",1981,1,"43N30W17"
"43N","30W","17","SW",1967,1,"43N30W17"
"43N","3W ","23","NE",2010,1,"43N3W 23"
"43N","3W ","24","NC",2010,4,"43N3W 24"
"44N","13W","19","NW",2004,1,"44N13W19"
"44N","13W","30","NW",1978,1,"44N13W30"
"44N","13W","08","NE",2004,1,"44N13W08"
"44N","13W","09","NE",1978,3,"44N13W09"
"44N","14W","13","SW",2003,2,"44N14W13"
"44N","14W","24","NC",1985,1,"44N14W24"
"44N","14W","24","NE",2003,2,"44N14W24"
"44N","15W","18","NC",1978,1,"44N15W18"
"44N","15W","18","SE",1980,1,"44N15W18"
"44N","15W","32","NC",1979,2,"44N15W32"
"44N","15W","32","NC",1986,1,"44N15W32"
"44N","15W","07","NW",1981,1,"44N15W07"
"44N","16W","01","NE",1985,1,"44N16W01"
"44N","16W","01","SE",1974,1,"44N16W01"
"44N","16W","17","WC",1957,1,"44N16W17"
"44N","16W","21","SC",1982,1,"44N16W21"
"44N","16W","21","SW",1977,15,"44N16W21"
"44N","16W","27","WC",1982,1,"44N16W27"
"44N","16W","34","C",1977,20,"44N16W34"
"44N","16W","34","EC",1986,1,"44N16W34"
"44N","17W","10","SW",1957,11,"44N17W10"
"44N","17W","10","SW",2009,5,"44N17W10"
"44N","17W","12","SW",2009,1,"44N17W12"
"44N","19W","30","EC",1957,1,"44N19W30"
"44N","19W","31","NE",1982,3,"44N19W31"
"44N","19W","33","SW",1957,1,"44N19W33"
"44N","19W","33","SW",1976,2,"44N19W33"
"44N","19W","33","SW",2022,1,"44N19W33"
"44N","20W","01","SW",1977,1,"44N20W01"
"44N","20W","01","SW",1979,3,"44N20W01"
"44N","20W","01","SW",1981,1,"44N20W01"
"44N","20W","01","SW",1985,1,"44N20W01"
"44N","21W","13","SW",1975,2,"44N21W13"
"44N","21W","14","NW",1977,1,"44N21W14"
"44N","21W","14","NW",1983,1,"44N21W14"
"44N","21W","19","EC",1972,1,"44N21W19"
"44N","21W","19","EC",1978,2,"44N21W19"
"44N","21W","24","SW",1986,5,"44N21W24"
"44N","21W","25","SW",2023,1,"44N21W25"
"44N","21W","25","WC",1965,1,"44N21W25"
"44N","21W","30","NE",1963,1,"44N21W30"
"44N","21W","30","NE",1972,2,"44N21W30"
"44N","21W","07","NW",1978,5,"44N21W07"
"44N","21W","07","SE",1965,1,"44N21W07"
"44N","21W","07","SE",1978,15,"44N21W07"
"44N","22W","13","SW",1980,1,"44N22W13"
"44N","22W","26","C",1978,1,"44N22W26"
"44N","22W","32","NE",1978,1,"44N22W32"
"44N","22W","33","NW",1968,1,"44N22W33"
"44N","22W","33","NW",1979,1,"44N22W33"
"44N","22W","33","WC",1980,14,"44N22W33"
"44N","22W","07","NW",1978,1,"44N22W07"
"44N","22W","08","NE",1980,3,"44N22W08"
"44N","23W","02","SW",1966,2,"44N23W02"
"44N","23W","02","SW",1968,2,"44N23W02"
"44N","23W","26","SW",1982,1,"44N23W26"
"44N","23W","03","SE",1966,2,"44N23W03"
"44N","23W","36","NE",1982,1,"44N23W36"
"44N","29W","29","SW",1971,1,"44N29W29"
"44N","29W","30","EC",1980,1,"44N29W30"
"44N","29W","30","NC",1980,1,"44N29W30"
"44N","29W","31","NE",1972,1,"44N29W31"
"44N","3W ","18","SC",2010,3,"44N3W 18"
"44N","4W ","04","SE",2010,7,"44N4W 04"
"44N","5W ","02","SC",2010,6,"44N5W 02"
"44N","5W ","02","SW",2010,1,"44N5W 02"
"45N","13W","25","SW",1971,1,"45N13W25"
"45N","13W","25","SW",1974,1,"45N13W25"
"45N","13W","26","SE",1971,1,"45N13W26"
"45N","13W","26","WC",1978,1,"45N13W26"
"45N","13W","34","NW",1980,1,"45N13W34"
"45N","16W","25","NW",2005,1,"45N16W25"
"45N","16W","26","NW",1979,1,"45N16W26"
"45N","16W","36","NW",1976,1,"45N16W36"
"45N","17W","33","SW",1957,15,"45N17W33"
"45N","18W","02","SE",1957,6,"45N18W02"
"45N","23W","02","SW",1976,5,"45N23W02"
"45N","23W","03","SE",1976,10,"45N23W03"
"45N","3W ","31","SE",2010,1,"45N3W 31"
"45N","4W ","23","NE",2010,1,"45N4W 23"
"45N","4W ","27","NC",2010,3,"45N4W 27"
"45N","4W ","28","SW",2010,3,"45N4W 28"
"45N","4W ","34","SE",2010,7,"45N4W 34"
"45N","4W ","35","SW",2010,5,"45N4W 35"
"45N","8W ","08","SE",1979,7,"45N8W 08"
"46N","13W","29","SE",1977,1,"46N13W29"
"46N","15W","12","SW",2003,1,"46N15W12"
"46N","15W","02","SE",2003,2,"46N15W02"
"46N","16W","25","NW",2009,1,"46N16W25"
"46N","16W","30","SW",1974,1,"46N16W30"
"46N","17W","02","SW",1990,5,"46N17W02"
"46N","20W","17","SW",1962,15,"46N20W17"
"46N","20W","05","NW",1979,1,"46N20W05"
"46N","20W","05","NW",1981,4,"46N20W05"
"46N","20W","05","NW",1983,2,"46N20W05"
"46N","20W","06","NW",1972,1,"46N20W06"
"46N","20W","06","NW",1980,2,"46N20W06"
"46N","20W","08","NE",1962,1,"46N20W08"
"46N","20W","08","SE",1961,1,"46N20W08"
"46N","24W","01","SE",1969,2,"46N24W01"
"47N","13W","16","SW",1978,1,"47N13W16"
"47N","14W","16","SW",1975,1,"47N14W16"
"47N","14W","04","NW",1962,2,"47N14W04"
"47N","14W","05","SE",1963,6,"47N14W05"
"47N","18W","03","SW",1960,1,"47N18W03"
"47N","18W","03","SW",1964,1,"47N18W03"
"47N","18W","03","SW",1976,1,"47N18W03"
"47N","18W","03","SW",1981,8,"47N18W03"
"47N","18W","03","SW",1982,1,"47N18W03"
"47N","19W","18","SW",1981,6,"47N19W18"
"47N","19W","28","NW",2010,1,"47N19W28"
"47N","19W","29","SE",1961,1,"47N19W29"
"47N","19W","29","SE",1962,3,"47N19W29"
"47N","19W","29","SE",1964,39,"47N19W29"
"47N","19W","29","SE",1965,1,"47N19W29"
"47N","19W","29","SE",1973,1,"47N19W29"
"47N","19W","29","SE",1977,1,"47N19W29"
"47N","19W","29","SE",1979,1,"47N19W29"
"47N","19W","29","SE",1980,4,"47N19W29"
"47N","19W","29","SE",1984,1,"47N19W29"
"47N","19W","29","SE",2005,1,"47N19W29"
"47N","19W","36","SW",1964,1,"47N19W36"
"47N","19W","36","SW",1978,1,"47N19W36"
"47N","19W","36","SW",1980,1,"47N19W36"
"47N","19W","36","SW",1981,2,"47N19W36"
"47N","1E ","10","SW",1987,1,"47N1E 10"
"47N","20W","31","SE",1963,24,"47N20W31"
"47N","20W","31","SE",1974,1,"47N20W31"
"47N","20W","32","NE",1980,2,"47N20W32"
"47N","20W","32","SC",1962,270,"47N20W32"
"47N","20W","32","SW",1961,52,"47N20W32"
"47N","20W","32","SW",1963,1,"47N20W32"
"47N","20W","32","SW",1964,31,"47N20W32"
"47N","20W","32","SW",1965,29,"47N20W32"
"47N","21W","15","SE",1955,3,"47N21W15"
"47N","21W","15","SE",1956,1,"47N21W15"
"47N","21W","18","NW",1979,1,"47N21W18"
"47N","21W","22","NW",1980,1,"47N21W22"
"47N","22W","15","NC",1981,1,"47N22W15"
"47N","22W","03","NW",1970,1,"47N22W03"
"47N","22W","06","SW",1985,1,"47N22W06"
"47N","23W","12","NC",1976,1,"47N23W12"
"47N","23W","12","NC",1990,1,"47N23W12"
"47N","23W","12","NE",1960,4,"47N23W12"
"47N","24W","10","SW",1956,1,"47N24W10"
"47N","24W","13","NE",1963,67,"47N24W13"
"47N","24W","13","NE",1980,6,"47N24W13"
"47N","24W","13","SW",1966,3,"47N24W13"
"47N","24W","13","SW",1979,15,"47N24W13"
"47N","24W","13","SW",1980,1,"47N24W13"
"47N","24W","15","EC",1966,1,"47N24W15"
"47N","24W","16","SW",1962,2,"47N24W16"
"47N","24W","16","SW",1970,1,"47N24W16"
"47N","24W","16","SW",1978,1,"47N24W16"
"47N","24W","17","NW",1994,1,"47N24W17"
"47N","24W","24","NW",1960,5,"47N24W24"
"47N","24W","24","NW",1962,15,"47N24W24"
"47N","24W","25","NW",1960,1,"47N24W25"
"47N","24W","25","WC",1958,1,"47N24W25"
"47N","24W","25","WC",1981,1,"47N24W25"
"47N","24W","05","SW",1961,12,"47N24W05"
"47N","24W","05","SW",1969,1,"47N24W05"
"47N","24W","06","NC",1956,2,"47N24W06"
"47N","24W","06","NE",1961,2,"47N24W06"
"47N","24W","06","NE",1962,10,"47N24W06"
"47N","24W","06","NW",1956,1,"47N24W06"
"47N","24W","08","NE",1956,4,"47N24W08"
"47N","24W","08","NE",1961,95,"47N24W08"
"47N","24W","08","NE",1962,599,"47N24W08"
"47N","24W","08","NE",1963,47,"47N24W08"
"47N","24W","08","NE",1964,1552,"47N24W08"
"47N","24W","08","NE",1965,39,"47N24W08"
"47N","24W","08","NE",1966,68,"47N24W08"
"47N","24W","08","NE",1967,1,"47N24W08"
"47N","24W","08","NE",1968,9,"47N24W08"
"47N","24W","08","NE",1976,2,"47N24W08"
"47N","24W","08","NE",1979,4,"47N24W08"
"47N","24W","08","NE",1980,43,"47N24W08"
"47N","24W","08","NE",1983,4,"47N24W08"
"47N","24W","08","SW",1981,1,"47N24W08"
"47N","24W","09","SC",1956,1,"47N24W09"
"47N","24W","09","SC",1991,1,"47N24W09"
"47N","2W ","06","SW",1962,24,"47N2W 06"
"47N","2W ","06","SW",1963,69,"47N2W 06"
"47N","3W ","25","NE",1967,2,"47N3W 25"
"47N","3W ","25","SE",1962,10,"47N3W 25"
"47N","4W ","26","SW",1972,1,"47N4W 26"
"47N","4W ","26","SW",1984,1,"47N4W 26"
"47N","4W ","28","NW",1989,1,"47N4W 28"
"47N","5W ","18","NE",1981,1,"47N5W 18"
"47N","5W ","02","SW",1962,1,"47N5W 02"
"47N","5W ","24","NE",1976,1,"47N5W 24"
"47N","6W ","11","SE",2008,1,"47N6W 11"
"47N","6W ","12","SC",1987,1,"47N6W 12"
"48N","12W","12","NE",1963,1,"48N12W12"
"48N","12W","12","SE",1964,1,"48N12W12"
"48N","12W","19","NE",1984,2,"48N12W19"
"48N","12W","04","SW",1962,7,"48N12W04"
"48N","12W","04","SW",1963,13,"48N12W04"
"48N","12W","04","SW",1965,3,"48N12W04"
"48N","14W","11","NE",1990,3,"48N14W11"
"48N","15W","07","NE",1963,1,"48N15W07"
"48N","17W","30","SE",1981,1,"48N17W30"
"48N","22W","35","NW",1970,1,"48N22W35"
"48N","22W","35","NW",1982,1,"48N22W35"
"48N","25W","10","NE",1974,2,"48N25W10"
"48N","3W ","36","NC",1960,5,"48N3W 36"
"48N","49W","10","SW",1962,1,"48N49W10"
"48N","7W ","10","SC",1979,1,"48N7W 10"
"48N","7W ","32","NE",1979,1,"48N7W 32"
"48N","7W ","32","NE",1983,10,"48N7W 32"
"49N","10W","10","SW",1961,1,"49N10W10"
"49N","10W","10","SW",1962,5,"49N10W10"
"49N","10W","10","SW",1963,4,"49N10W10"
"49N","10W","10","SW",1964,1,"49N10W10"
"49N","10W","10","SW",1965,1,"49N10W10"
"49N","10W","15","SC",2004,1,"49N10W15"
"49N","10W","22","SW",1993,1,"49N10W22"
"49N","11W","04","NE",1977,1,"49N11W04"
"49N","11W","05","NE",1982,2,"49N11W05"
"49N","11W","06","NE",1973,1,"49N11W06"
"49N","12W","02","SE",1981,1,"49N12W02"
"49N","13E","06","SE",2017,1,"49N13E06"
"49N","13W","04","NW",1961,7,"49N13W04"
"49N","13W","04","NW",1962,13,"49N13W04"
"49N","13W","04","NW",1985,2,"49N13W04"
"49N","13W","05","C",1962,5,"49N13W05"
"49N","13W","05","EC",1967,1,"49N13W05"
"49N","13W","05","NE",1955,1,"49N13W05"
"49N","13W","05","NE",1961,4,"49N13W05"
"49N","13W","05","NE",1963,13,"49N13W05"
"49N","13W","05","NE",1964,1,"49N13W05"
"49N","13W","06","NE",2012,1,"49N13W06"
"49N","13W","06","SE",1961,1,"49N13W06"
"49N","14W","18","NC",1976,8,"49N14W18"
"49N","15W","09","SE",1981,4,"49N15W09"
"49N","16W","25","NW",1979,1,"49N16W25"
"49N","16W","25","NW",1981,1,"49N16W25"
"49N","25W","19","NE",1962,1,"49N25W19"
"49N","25W","19","NE",1965,1,"49N25W19"
"49N","25W","19","NE",1981,2,"49N25W19"
"49N","25W","19","NE",1987,1,"49N25W19"
"49N","25W","19","NE",1997,1,"49N25W19"
"49N","25W","19","NE",2013,3,"49N25W19"
"49N","26W","02","NW",1977,1,"49N26W02"
"49N","26W","02","NW",1981,1,"49N26W02"
"49N","26W","02","NW",1992,1,"49N26W02"
"49N","26W","24","SE",1985,2,"49N26W24"
"49N","38W","15","C",1992,1,"49N38W15"
"49N","39W","36","NE",1988,1,"49N39W36"
"49N","44W","31","SE",1964,20,"49N44W31"
"49N","46W","03","SW",1981,1,"49N46W03"
"49N","46W","03","SW",1989,4,"49N46W03"
"49N","46W","03","SW",1990,1,"49N46W03"
"49N","46W","03","SW",1992,3,"49N46W03"
"49N","46W","03","SW",2006,3,"49N46W03"
"49N","4W ","17","NW",1962,1,"49N4W 17"
"49N","6W ","03","NE",1963,2,"49N6W 03"
"49N","6W ","03","NE",1964,3,"49N6W 03"
"49N","7W ","33","NW",1964,1,"49N7W 33"
"49N","7W ","33","WC",1960,2,"49N7W 33"
"50N","26W","21","C",1978,1,"50N26W21"
"50N","26W","21","NW",1978,6,"50N26W21"
"50N","26W","29","C",1966,1,"50N26W29"
"50N","26W","35","SC",1974,1,"50N26W35"
"50N","34W","01","SE",1986,1,"50N34W01"
"50N","35W","04","NW",1972,1,"50N35W04"
"50N","35W","06","WC",1964,1,"50N35W06"
"50N","36W","11","NE",1958,3,"50N36W11"
"50N","39W","20","NC",1964,1,"50N39W20"
"50N","39W","20","NE",1957,1,"50N39W20"
"50N","39W","26","SW",1965,10,"50N39W26"
"50N","45W","02","SW",1962,1,"50N45W02"
"50N","6W ","28","NE",1989,1,"50N6W 28"
"50N","6W ","33","SW",1982,5,"50N6W 33"
"50N","6W ","33","SW",1991,3,"50N6W 33"
"50N","9W ","24","SW",1956,1,"50N9W 24"
"50N","9W ","25","NC",1956,1,"50N9W 25"
"50N","9W ","25","NW",1969,1,"50N9W 25"
"50N","9W ","27","SE",1956,1,"50N9W 27"
"50N","9W ","27","SW",1962,5,"50N9W 27"
"50N","9W ","27","SW",1963,3,"50N9W 27"
"50N","9W ","27","SW",1982,2,"50N9W 27"
"50N","9W ","34","SW",1962,1,"50N9W 34"
"51N","12W","10","NW",1992,1,"51N12W10"
"51N","28W","01","NE",1994,2,"51N28W01"
"51N","28W","13","NW",1975,2,"51N28W13"
"51N","28W","13","NW",1983,3,"51N28W13"
"51N","31W","18","NC",2011,1,"51N31W18"
"51N","31W","03","SE",1984,2,"51N31W03"
"51N","31W","33","NW",2013,2,"51N31W33"
"51N","31W","04","SW",2010,1,"51N31W04"
"51N","31W","08","NE",1975,1,"51N31W08"
"51N","32W","18","SE",1977,2,"51N32W18"
"51N","33W","10","NW",2012,6,"51N33W10"
"51N","34W","01","NW",1989,1,"51N34W01"
"51N","34W","11","NW",1958,1,"51N34W11"
"51N","34W","11","NW",1968,5,"51N34W11"
"51N","34W","16","SW",1958,5,"51N34W16"
"51N","34W","02","SW",1964,5,"51N34W02"
"51N","34W","02","SW",1967,6,"51N34W02"
"51N","34W","21","C",1967,3,"51N34W21"
"51N","34W","28","SE",1958,2,"51N34W28"
"51N","34W","28","SE",1964,1,"51N34W28"
"51N","34W","28","SE",1967,3,"51N34W28"
"51N","38W","02","NE",1981,2,"51N38W02"
"51N","39W","32","SE",1979,1,"51N39W32"
"51N","39W","32","SE",1984,1,"51N39W32"
"51N","40W","01","SE",1962,2,"51N40W01"
"51N","40W","13","C",1960,1,"51N40W13"
"51N","40W","13","C",1963,1,"51N40W13"
"51N","40W","13","C",1990,1,"51N40W13"
"51N","40W","13","C",2004,1,"51N40W13"
"51N","40W","13","NE",1957,5,"51N40W13"
"51N","40W","13","SE",1963,1,"51N40W13"
"51N","40W","13","SE",1967,2,"51N40W13"
"51N","40W","13","SE",1971,1,"51N40W13"
"51N","40W","13","SE",1978,11,"51N40W13"
"51N","40W","16","NC",1994,1,"51N40W16"
"51N","40W","28","SW",1974,1,"51N40W28"
"51N","40W","04","NC",1989,1,"51N40W04"
"51N","40W","04","SE",1979,2,"51N40W04"
"51N","40W","04","SE",1981,1,"51N40W04"
"51N","40W","04","SE",1990,1,"51N40W04"
"51N","40W","08","NW",1978,1,"51N40W08"
"51N","40W","08","NW",1980,1,"51N40W08"
"51N","40W","08","NW",1981,2,"51N40W08"
"51N","40W","09","NE",1960,1,"51N40W09"
"51N","41W","11","NE",1962,1,"51N41W11"
"51N","42W","11","SE",1979,2,"51N42W11"
"51N","42W","11","SE",1980,1,"51N42W11"
"51N","42W","12","SE",1975,1,"51N42W12"
"51N","44W","33","SE",2017,1,"51N44W33"
"51N","5W ","01","NW",1990,2,"51N5W 01"
"51N","5W ","01","SW",1990,1,"51N5W 01"
"51N","6W ","34","NE",1970,2,"51N6W 34"
"52N","11W","31","NE",1965,1,"52N11W31"
"52N","11W","31","NE",1981,1,"52N11W31"
"52N","27W","31","NE",1975,1,"52N27W31"
"52N","27W","31","NE",1983,1,"52N27W31"
"52N","27W","31","NW",2019,1,"52N27W31"
"52N","28W","21","NW",1985,1,"52N28W21"
"52N","28W","36","C",1974,1,"52N28W36"
"52N","28W","36","NE",2005,2,"52N28W36"
"52N","28W","36","SE",1963,1,"52N28W36"
"52N","28W","36","SE",1983,1,"52N28W36"
"52N","28W","36","SE",1985,1,"52N28W36"
"52N","29W","17","NE",1971,2,"52N29W17"
"52N","30W","22","SE",1980,1,"52N30W22"
"52N","30W","22","SE",1984,6,"52N30W22"
"52N","33W","19","SE",1962,3,"52N33W19"
"52N","33W","30","SC",1967,8,"52N33W30"
"52N","33W","30","SC",1968,8,"52N33W30"
"52N","33W","07","NE",1966,16,"52N33W07"
"52N","33W","08","C",1960,1,"52N33W08"
"52N","33W","08","C",1963,7,"52N33W08"
"52N","33W","08","C",1967,8,"52N33W08"
"52N","33W","08","NW",1964,3,"52N33W08"
"52N","33W","08","NW",1966,44,"52N33W08"
"52N","33W","08","NW",1968,8,"52N33W08"
"52N","33W","08","SW",1965,8,"52N33W08"
"52N","34W","01","SE",1962,31,"52N34W01"
"52N","34W","01","SE",1963,22,"52N34W01"
"52N","34W","01","SE",1964,523,"52N34W01"
"52N","34W","01","SE",1965,8,"52N34W01"
"52N","34W","01","SE",1966,11,"52N34W01"
"52N","34W","12","NE",1964,29,"52N34W12"
"52N","34W","14","NW",1967,2,"52N34W14"
"52N","34W","14","SW",1959,1,"52N34W14"
"52N","34W","34","NW",1963,1,"52N34W34"
"52N","34W","34","NW",1967,1,"52N34W34"
"52N","36W","09","SW",1978,1,"52N36W09"
"52N","38W","27","SE",1981,4,"52N38W27"
"52N","38W","35","SE",1981,2,"52N38W35"
"52N","38W","06","SW",1962,46,"52N38W06"
"52N","38W","06","SW",1963,1,"52N38W06"
"52N","38W","07","NE",1981,1,"52N38W07"
"52N","38W","07","NW",1960,1,"52N38W07"
"52N","38W","07","NW",1963,3,"52N38W07"
"52N","40W","34","SW",1962,1,"52N40W34"
"52N","40W","36","SE",1960,62,"52N40W36"
"53N","10W","29","NW",2023,1,"53N10W29"
"53N","33W","16","NW",1962,7,"53N33W16"
"53N","33W","20","SW",1962,4,"53N33W20"
"53N","33W","04","SW",1963,208,"53N33W04"
"53N","33W","09","SW",1962,1,"53N33W09"
"53N","33W","09","SW",1963,3,"53N33W09"
"53N","37W","10","SC",1969,1,"53N37W10"
"53N","37W","15","C",1960,1,"53N37W15"
"53N","37W","15","C",1962,3,"53N37W15"
"53N","37W","15","C",1968,1,"53N37W15"
"53N","37W","15","C",1981,3,"53N37W15"
"53N","37W","15","C",1984,1,"53N37W15"
"53N","37W","22","NC",1981,1,"53N37W22"
"53N","37W","22","NC",1983,1,"53N37W22"
"53N","37W","25","NE",1962,1,"53N37W25"
"53N","38W","13","SE",1972,1,"53N38W13"
"53N","38W","13","SE",1978,1,"53N38W13"
"53N","38W","13","SW",2010,1,"53N38W13"
"53N","38W","14","SE",1960,1,"53N38W14"
"53N","38W","14","SE",1980,1,"53N38W14"
"53N","38W","23","NE",1981,1,"53N38W23"
"53N","38W","23","NE",1983,1,"53N38W23"
"53N","38W","23","NE",1990,1,"53N38W23"
"54N","33W","14","SW",1963,4,"54N33W14"
"54N","33W","20","EC",1963,1,"54N33W20"
"54N","36W","30","SC",1963,1,"54N36W30"
"54N","36W","30","SC",1978,1,"54N36W30"
"54N","36W","30","SC",1982,1,"54N36W30"
"54N","36W","30","SC",1984,2,"54N36W30"
"54N","36W","30","SC",1986,2,"54N36W30"
"54N","8W ","07","NW",1964,1,"54N8W 07"
"54N","8W ","07","NW",1979,2,"54N8W 07"
"54N","8W ","07","NW",1981,4,"54N8W 07"
"54N","8W ","07","NW",1982,2,"54N8W 07"
"54N","8W ","07","NW",1986,1,"54N8W 07"
"55N","31W","04","EC",1990,2,"55N31W04"
"55N","31W","04","NE",1971,1,"55N31W04"
"55N","31W","04","NE",1990,5,"55N31W04"
"55N","32W","18","SE",1980,1,"55N32W18"
"55N","35W","20","NE",1962,1,"55N35W20"
"55N","35W","20","NE",1972,2,"55N35W20"
"55N","35W","20","NE",1980,1,"55N35W20"
"55N","35W","20","NE",1981,9,"55N35W20"
"55N","35W","20","NE",1998,1,"55N35W20"
"55N","36W","35","SW",1973,1,"55N36W35"
"55N","36W","35","SW",2013,1,"55N36W35"
"56N","30W","20","SW",1964,1,"56N30W20"
"56N","30W","20","SW",1981,8,"56N30W20"
"56N","31W","28","SC",2006,3,"56N31W28"
"56N","31W","28","SW",1970,1,"56N31W28"
"56N","31W","29","NW",1975,1,"56N31W29"
"56N","31W","29","NW",1986,1,"56N31W29"
"56N","31W","33","NW",1981,3,"56N31W33"
"56N","34W","34","SW",1985,1,"56N34W34"
"57N","30W","31","NE",1959,2,"57N30W31"
"57N","33W","14","NE",1979,1,"57N33W14"
"57N","33W","14","NE",1987,1,"57N33W14"
"57N","33W","14","NE",2006,1,"57N33W14"
"57N","33W","14","NE",2023,2,"57N33W14"
"58N","30W","06","NE",1971,6,"58N30W06"
"58N","30W","06","NE",1974,5,"58N30W06"
"58N","30W","06","NE",1975,6,"58N30W06"
"58N","30W","06","NE",1978,1,"58N30W06"
"58N","30W","06","NE",1980,4,"58N30W06"
"58N","30W","06","NE",1987,2,"58N30W06"
"58N","31W","18","SW",1994,4,"58N31W18"
"58N","32W","26","NW",1981,1,"58N32W26"
"59N","30W","31","SE",1978,1,"59N30W31"
"60N","3W ","33","SE",1980,1,"60N3W 33"
"60N","3W ","33","SE",2015,6,"60N3W 33"
"61N","2E ","02","SW",1989,1,"61N2E 02"
"62N","3E ","34","NC",1973,1,"62N3E 34"
"62N","3E ","34","NC",1981,2,"62N3E 34"
"62N","3E ","34","NC",1983,1,"62N3E 34"
"62N","4E ","20","NW",1989,24,"62N4E 20"
"63N","5E ","25","NE",1989,1,"63N5E 25"
"6N ","8W ","11","NE",2009,2,"6N 8W 11"
"6N ","9W ","10","NW",2009,1,"6N 9W 10"
"6N ","9W ","11","NE",2009,2,"6N 9W 11"
"6N ","9W ","11","NW",2008,1,"6N 9W 11"
"6N ","9W ","09","WC",2009,1,"6N 9W 09"
"7N ","10W","27","S",1976,1,"7N 10W27"
"7N ","5W ","14","S",1969,2,"7N 5W 14"
"7N ","5W ","14","SW",1962,2,"7N 5W 14"
"7N ","5W ","24","SW",1982,1,"7N 5W 24"
"7N ","6W ","21","NC",1985,2,"7N 6W 21"
"7N ","6W ","24","W",2009,3,"7N 6W 24"
"8N ","15W","23","SW",1977,1,"8N 15W23"
"8N ","5W ","24","SW",2009,1,"8N 5W 24"
"8N ","6W ","24","SE",2009,1,"8N 6W 24"
"9N ","11W","33","NW",2014,3,"9N 11W33"
"9N ","14W","27","NW",1976,1,"9N 14W27"
